Workbook

Sheet NoCollision_500_run5
A1: Frame | B1: DeltaTime | C1: ParticleCount | D1: ChannelCollisions | E1: SphereCollisions
A2: 1 | B2: 0.02 | C2: 0 | D2: 0 | E2: 0 | I2: Average Delta Total: | J2: =AVERAGE(B:B) -> 0.021771489 | M2: Frame Saturation: | N2: 633
A3: 2 | B3: 0.02 | C3: 8 | D3: 48 | E3: 0 | I3: Average Delta Saturated: | J3: =AVERAGE(B634:B1601) -> 0.02986132
A4: 3 | B4: 0.035189 | C4: 16 | D4: 112 | E4: 0 | M4: Total Frames: | N4: 1600
A5: 4 | B5: 0.010472 | C5: 37 | D5: 572 | E5: 0 | I5: Max Delta Total | J5: =MAX(B:B) -> 0.036025
A6: 5 | B6: 0.010512 | C6: 41 | D6: 164 | E6: 0 | I6: Max Delta Saturated: | J6: =MAX(B634:B1601) -> 0.036025
A7: 6 | B7: 0.007673 | C7: 45 | D7: 180 | E7: 0
A8: 7 | B8: 0.009101 | C8: 49 | D8: 196 | E8: 0 | I8: Min Delta Total | J8: =MIN(B:B) -> 0.004537
A9: 8 | B9: 0.007771 | C9: 54 | D9: 216 | E9: 0 | I9: Min Delta Saturated | J9: =MIN(B634:B1604) -> 0.025609
A10: 9 | B10: 0.00761 | C10: 58 | D10: 232 | E10: 0
A11: 10 | B11: 0.008121 | C11: 62 | D11: 248 | E11: 0 | I11: Average Particle Count Saturated: | J11: =AVERAGE(C634:C1601) -> 2958.3285
A12: 11 | B12: 0.007869 | C12: 66 | D12: 264 | E12: 0
A13: 12 | B13: 0.008203 | C13: 70 | D13: 280 | E13: 0 | I13: Channel Collisions Saturated: | J13: =AVERAGE(D634:D1601) -> 42454.277
A14: 13 | B14: 0.00736 | C14: 74 | D14: 296 | E14: 0
A15: 14 | B15: 0.007541 | C15: 79 | D15: 316 | E15: 0 | I15: Sphere Collisions Saturated: | J15: =AVERAGE(E960:E1601) -> 0
A16: 15 | B16: 0.007928 | C16: 83 | D16: 332 | E16: 0
A17: 16 | B17: 0.007486 | C17: 87 | D17: 348 | E17: 0
A18: 17 | B18: 0.009699 | C18: 87 | D18: 0 | E18: 0
A19: 18 | B19: 0.010147 | C19: 95 | D19: 744 | E19: 0
A20: 19 | B20: 0.007631 | C20: 99 | D20: 396 | E20: 0
A21: 20 | B21: 0.007652 | C21: 104 | D21: 416 | E21: 0
A22: 21 | B22: 0.008365 | C22: 108 | D22: 432 | E22: 0
A23: 22 | B23: 0.007714 | C23: 112 | D23: 448 | E23: 0
A24: 23 | B24: 0.008486 | C24: 116 | D24: 464 | E24: 0
A25: 24 | B25: 0.007414 | C25: 120 | D25: 480 | E25: 0
A26: 25 | B26: 0.008633 | C26: 120 | D26: 0 | E26: 0
A27: 26 | B27: 0.006252 | C27: 129 | D27: 1012 | E27: 0
... A1601: 1600 | B1601: 0.033017 | C1601: 2958 | D1601: 47396 | E1601: 0

Sheet NoCollision_500_run4
A1: Frame | B1: DeltaTime | C1: ParticleCount | D1: ChannelCollisions | E1: SphereCollisions
A2: 1 | B2: 0.02 | C2: 0 | D2: 0 | E2: 0 | I2: Average Delta Total: | J2: =AVERAGE(B:B) -> 0.021744117 | M2: Frame Saturation: | N2: 634
A3: 2 | B3: 0.02 | C3: 8 | D3: 48 | E3: 0 | I3: Average Delta Saturated: | J3: =AVERAGE(B635:B1601) -> 0.029845225
A4: 3 | B4: 0.033618 | C4: 16 | D4: 112 | E4: 0 | M4: Total Frames: | N4: 1600
A5: 4 | B5: 0.00945 | C5: 33 | D5: 424 | E5: 0 | I5: Max Delta Total | J5: =MAX(B:B) -> 0.035696
A6: 5 | B6: 0.008087 | C6: 37 | D6: 148 | E6: 0 | I6: Max Delta Saturated: | J6: =MAX(B635:B1601) -> 0.035696
A7: 6 | B7: 0.012023 | C7: 41 | D7: 164 | E7: 0
A8: 7 | B8: 0.007667 | C8: 49 | D8: 376 | E8: 0 | I8: Min Delta Total | J8: =MIN(B:B) -> 0.004286
A9: 8 | B9: 0.011915 | C9: 54 | D9: 216 | E9: 0 | I9: Min Delta Saturated | J9: =MIN(B635:B1604) -> 0.025374
A10: 9 | B10: 0.007877 | C10: 58 | D10: 232 | E10: 0
A11: 10 | B11: 0.007743 | C11: 62 | D11: 248 | E11: 0 | I11: Average Particle Count Saturated: | J11: =AVERAGE(C635:C1601) -> 2958.3361
A12: 11 | B12: 0.008303 | C12: 66 | D12: 264 | E12: 0
A13: 12 | B13: 0.007633 | C13: 70 | D13: 280 | E13: 0 | I13: Channel Collisions Saturated: | J13: =AVERAGE(D635:D1601) -> 42436.91
A14: 13 | B14: 0.008337 | C14: 74 | D14: 296 | E14: 0
A15: 14 | B15: 0.00773 | C15: 79 | D15: 316 | E15: 0 | I15: Sphere Collisions Saturated: | J15: =AVERAGE(E960:E1601) -> 0
A16: 15 | B16: 0.008209 | C16: 83 | D16: 332 | E16: 0
A17: 16 | B17: 0.007813 | C17: 87 | D17: 348 | E17: 0
A18: 17 | B18: 0.009441 | C18: 91 | D18: 364 | E18: 0
A19: 18 | B19: 0.008956 | C19: 95 | D19: 380 | E19: 0
A20: 19 | B20: 0.00818 | C20: 99 | D20: 396 | E20: 0
A21: 20 | B21: 0.00768 | C21: 104 | D21: 416 | E21: 0
A22: 21 | B22: 0.008291 | C22: 108 | D22: 432 | E22: 0
A23: 22 | B23: 0.007544 | C23: 112 | D23: 448 | E23: 0
A24: 23 | B24: 0.00765 | C24: 116 | D24: 464 | E24: 0
A25: 24 | B25: 0.008236 | C25: 120 | D25: 480 | E25: 0
A26: 25 | B26: 0.007633 | C26: 124 | D26: 496 | E26: 0
A27: 26 | B27: 0.008375 | C27: 129 | D27: 516 | E27: 0
... A1601: 1600 | B1601: 0.031931 | C1601: 2959 | D1601: 47396 | E1601: 0

Sheet NoCollision_500_run3
A1: Frame | B1: DeltaTime | C1: ParticleCount | D1: ChannelCollisions | E1: SphereCollisions
A2: 1 | B2: 0.02 | C2: 0 | D2: 0 | E2: 0 | I2: Average Delta Total: | J2: =AVERAGE(B:B) -> 0.021864243 | M2: Frame Saturation: | N2: 635
A3: 2 | B3: 0.02 | C3: 8 | D3: 48 | E3: 0 | I3: Average Delta Saturated: | J3: =AVERAGE(B636:B1601) -> 0.030072936
A4: 3 | B4: 0.035633 | C4: 16 | D4: 112 | E4: 0 | M4: Total Frames: | N4: 1600
A5: 4 | B5: 0.010249 | C5: 37 | D5: 572 | E5: 0 | I5: Max Delta Total | J5: =MAX(B:B) -> 0.036293
A6: 5 | B6: 0.006656 | C6: 41 | D6: 164 | E6: 0 | I6: Max Delta Saturated: | J6: =MAX(B636:B1601) -> 0.036293
A7: 6 | B7: 0.01274 | C7: 45 | D7: 180 | E7: 0
A8: 7 | B8: 0.007457 | C8: 49 | D8: 196 | E8: 0 | I8: Min Delta Total | J8: =MIN(B:B) -> 0.004633
A9: 8 | B9: 0.01242 | C9: 54 | D9: 216 | E9: 0 | I9: Min Delta Saturated | J9: =MIN(B636:B1604) -> 0.024558
A10: 9 | B10: 0.007506 | C10: 62 | D10: 480 | E10: 0
A11: 10 | B11: 0.008302 | C11: 62 | D11: 0 | E11: 0 | I11: Average Particle Count Saturated: | J11: =AVERAGE(C636:C1601) -> 2958.3364
A12: 11 | B12: 0.007591 | C12: 66 | D12: 264 | E12: 0
A13: 12 | B13: 0.008221 | C13: 70 | D13: 280 | E13: 0 | I13: Channel Collisions Saturated: | J13: =AVERAGE(D636:D1601) -> 42762.981
A14: 13 | B14: 0.008456 | C14: 74 | D14: 296 | E14: 0
A15: 14 | B15: 0.008068 | C15: 79 | D15: 316 | E15: 0 | I15: Sphere Collisions Saturated: | J15: =AVERAGE(E960:E1601) -> 0
A16: 15 | B16: 0.007264 | C16: 83 | D16: 332 | E16: 0
A17: 16 | B17: 0.008498 | C17: 87 | D17: 348 | E17: 0
A18: 17 | B18: 0.007268 | C18: 91 | D18: 364 | E18: 0
A19: 18 | B19: 0.006746 | C19: 95 | D19: 380 | E19: 0
A20: 19 | B20: 0.006168 | C20: 99 | D20: 396 | E20: 0
A21: 20 | B21: 0.006232 | C21: 104 | D21: 416 | E21: 0
A22: 21 | B22: 0.007074 | C22: 104 | D22: 0 | E22: 0
A23: 22 | B23: 0.006337 | C23: 108 | D23: 432 | E23: 0
A24: 23 | B24: 0.006935 | C24: 112 | D24: 448 | E24: 0
A25: 24 | B25: 0.006304 | C25: 116 | D25: 464 | E25: 0
A26: 25 | B26: 0.00642 | C26: 120 | D26: 480 | E26: 0
A27: 26 | B27: 0.007008 | C27: 120 | D27: 0 | E27: 0
... A1601: 1600 | B1601: 0.031458 | C1601: 2958 | D1601: 47396 | E1601: 0

Sheet NoCollision_500_run2
A1: Frame | B1: DeltaTime | C1: ParticleCount | D1: ChannelCollisions | E1: SphereCollisions
A2: 1 | B2: 0.02 | C2: 0 | D2: 0 | E2: 0 | I2: Average Delta Total: | J2: =AVERAGE(B:B) -> 0.021761846 | M2: Frame Saturation: | N2: 639
A3: 2 | B3: 0.02 | C3: 8 | D3: 48 | E3: 0 | I3: Average Delta Saturated: | J3: =AVERAGE(B640:B1601) -> 0.030021179
A4: 3 | B4: 0.033067 | C4: 16 | D4: 112 | E4: 0 | M4: Total Frames: | N4: 1600
A5: 4 | B5: 0.009907 | C5: 33 | D5: 424 | E5: 0 | I5: Max Delta Total | J5: =MAX(B:B) -> 0.03584
A6: 5 | B6: 0.006147 | C6: 37 | D6: 148 | E6: 0 | I6: Max Delta Saturated: | J6: =MAX(B640:B1601) -> 0.03584
A7: 6 | B7: 0.011046 | C7: 41 | D7: 164 | E7: 0
A8: 7 | B8: 0.006825 | C8: 49 | D8: 376 | E8: 0 | I8: Min Delta Total | J8: =MIN(B:B) -> 0.004217
A9: 8 | B9: 0.012907 | C9: 49 | D9: 0 | E9: 0 | I9: Min Delta Saturated | J9: =MIN(B640:B1604) -> 0.025748
A10: 9 | B10: 0.006821 | C10: 58 | D10: 448 | E10: 0
A11: 10 | B11: 0.006994 | C11: 62 | D11: 248 | E11: 0 | I11: Average Particle Count Saturated: | J11: =AVERAGE(C640:C1601) -> 2958.3368
A12: 11 | B12: 0.006835 | C12: 66 | D12: 264 | E12: 0
A13: 12 | B13: 0.006971 | C13: 66 | D13: 0 | E13: 0 | I13: Channel Collisions Saturated: | J13: =AVERAGE(D640:D1601) -> 42682.15
A14: 13 | B14: 0.007202 | C14: 70 | D14: 280 | E14: 0
A15: 14 | B15: 0.006834 | C15: 74 | D15: 296 | E15: 0 | I15: Sphere Collisions Saturated: | J15: =AVERAGE(E960:E1601) -> 0
A16: 15 | B16: 0.006819 | C16: 79 | D16: 316 | E16: 0
A17: 16 | B17: 0.006794 | C17: 83 | D17: 332 | E17: 0
A18: 17 | B18: 0.00711 | C18: 87 | D18: 348 | E18: 0
A19: 18 | B19: 0.007681 | C19: 87 | D19: 0 | E19: 0
A20: 19 | B20: 0.007769 | C20: 91 | D20: 364 | E20: 0
A21: 20 | B21: 0.006911 | C21: 95 | D21: 380 | E21: 0
A22: 21 | B22: 0.006793 | C22: 99 | D22: 396 | E22: 0
A23: 22 | B23: 0.006884 | C23: 104 | D23: 416 | E23: 0
A24: 23 | B24: 0.006782 | C24: 108 | D24: 432 | E24: 0
A25: 24 | B25: 0.006807 | C25: 112 | D25: 448 | E25: 0
A26: 25 | B26: 0.007145 | C26: 112 | D26: 0 | E26: 0
A27: 26 | B27: 0.006801 | C27: 116 | D27: 464 | E27: 0
... A1601: 1600 | B1601: 0.027711 | C1601: 2958 | D1601: 35552 | E1601: 0

Sheet NoCollision_500_run1
A1: Frame | B1: DeltaTime | C1: ParticleCount | D1: ChannelCollisions | E1: SphereCollisions
A2: 1 | B2: 0.02 | C2: 0 | D2: 0 | E2: 0 | I2: Average Delta Total: | J2: =AVERAGE(B:B) -> 0.022015776 | M2: Frame Saturation: | N2: 630
A3: 2 | B3: 0.02 | C3: 8 | D3: 48 | E3: 0 | I3: Average Delta Saturated: | J3: =AVERAGE(B631:B1601) -> 0.030182751
A4: 3 | B4: 0.036556 | C4: 16 | D4: 112 | E4: 0 | M4: Total Frames: | N4: 1600
A5: 4 | B5: 0.013583 | C5: 37 | D5: 572 | E5: 0 | I5: Max Delta Total | J5: =MAX(B:B) -> 0.0379
A6: 5 | B6: 0.006524 | C6: 41 | D6: 164 | E6: 0 | I6: Max Delta Saturated: | J6: =MAX(B631:B1601) -> 0.0379
A7: 6 | B7: 0.010765 | C7: 45 | D7: 180 | E7: 0
A8: 7 | B8: 0.007733 | C8: 49 | D8: 196 | E8: 0 | I8: Min Delta Total | J8: =MIN(B:B) -> 0.00412
A9: 8 | B9: 0.012864 | C9: 54 | D9: 216 | E9: 0 | I9: Min Delta Saturated | J9: =MIN(B631:B1604) -> 0.024495
A10: 9 | B10: 0.007642 | C10: 62 | D10: 480 | E10: 0
A11: 10 | B11: 0.008115 | C11: 66 | D11: 264 | E11: 0 | I11: Average Particle Count Saturated: | J11: =AVERAGE(C631:C1601) -> 2958.3326
A12: 11 | B12: 0.007843 | C12: 70 | D12: 280 | E12: 0
A13: 12 | B13: 0.008427 | C13: 74 | D13: 296 | E13: 0 | I13: Channel Collisions Saturated: | J13: =AVERAGE(D631:D1601) -> 42908.844
A14: 13 | B14: 0.007841 | C14: 79 | D14: 316 | E14: 0
A15: 14 | B15: 0.008172 | C15: 83 | D15: 332 | E15: 0 | I15: Sphere Collisions Saturated: | J15: =AVERAGE(E960:E1601) -> 0
A16: 15 | B16: 0.007503 | C16: 87 | D16: 348 | E16: 0
A17: 16 | B17: 0.009565 | C17: 91 | D17: 364 | E17: 0
A18: 17 | B18: 0.007318 | C18: 95 | D18: 380 | E18: 0
A19: 18 | B19: 0.006536 | C19: 99 | D19: 396 | E19: 0
A20: 19 | B20: 0.006032 | C20: 99 | D20: 0 | E20: 0
A21: 20 | B21: 0.005974 | C21: 104 | D21: 416 | E21: 0
A22: 21 | B22: 0.006986 | C22: 108 | D22: 432 | E22: 0
A23: 22 | B23: 0.006078 | C23: 112 | D23: 448 | E23: 0
A24: 23 | B24: 0.00698 | C24: 112 | D24: 0 | E24: 0
A25: 24 | B25: 0.006139 | C25: 116 | D25: 464 | E25: 0
A26: 25 | B26: 0.00608 | C26: 120 | D26: 480 | E26: 0
A27: 26 | B27: 0.006839 | C27: 124 | D27: 496 | E27: 0
... A1601: 1600 | B1601: 0.033317 | C1601: 2958 | D1601: 47400 | E1601: 0

Sheet NoCollision_300_run5
A1: Frame | B1: DeltaTime | C1: ParticleCount | D1: ChannelCollisions | E1: SphereCollisions
A2: 1 | B2: 0.02 | C2: 0 | D2: 0 | E2: 0 | I2: Average Delta Total: | J2: =AVERAGE(B:B) -> 0.011291162 | M2: Frame Saturation: | N2: 788
A3: 2 | B3: 0.02 | C3: 5 | D3: 28 | E3: 0 | I3: Average Delta Saturated: | J3: =AVERAGE(B789:B1601) -> 0.014943643
A4: 3 | B4: 0.047737 | C4: 10 | D4: 68 | E4: 0 | M4: Total Frames: | N4: 1600
A5: 4 | B5: 0.008244 | C5: 25 | D5: 444 | E5: 0 | I5: Max Delta Total | J5: =MAX(B:B) -> 0.047737
A6: 5 | B6: 0.006752 | C6: 27 | D6: 108 | E6: 0 | I6: Max Delta Saturated: | J6: =MAX(B789:B1601) -> 0.018673
A7: 6 | B7: 0.0101 | C7: 30 | D7: 120 | E7: 0
A8: 7 | B8: 0.00763 | C8: 32 | D8: 128 | E8: 0 | I8: Min Delta Total | J8: =MIN(B:B) -> 0.004467
A9: 8 | B9: 0.011054 | C9: 35 | D9: 140 | E9: 0 | I9: Min Delta Saturated | J9: =MIN(B789:B1604) -> 0.010954
A10: 9 | B10: 0.007747 | C10: 37 | D10: 148 | E10: 0
A11: 10 | B11: 0.007999 | C11: 40 | D11: 160 | E11: 0 | I11: Average Particle Count Saturated: | J11: =AVERAGE(C789:C1601) -> 1775
A12: 11 | B12: 0.007651 | C12: 42 | D12: 168 | E12: 0
A13: 12 | B13: 0.007944 | C13: 45 | D13: 180 | E13: 0 | I13: Channel Collisions Saturated: | J13: =AVERAGE(D789:D1601) -> 12750.736
A14: 13 | B14: 0.007656 | C14: 47 | D14: 188 | E14: 0
A15: 14 | B15: 0.007941 | C15: 50 | D15: 200 | E15: 0 | I15: Sphere Collisions Saturated: | J15: =AVERAGE(E960:E1601) -> 0
A16: 15 | B16: 0.007522 | C16: 52 | D16: 208 | E16: 0
A17: 16 | B17: 0.0092 | C17: 55 | D17: 220 | E17: 0
A18: 17 | B18: 0.008841 | C18: 57 | D18: 228 | E18: 0
A19: 18 | B19: 0.007958 | C19: 60 | D19: 240 | E19: 0
A20: 19 | B20: 0.007616 | C20: 62 | D20: 248 | E20: 0
A21: 20 | B21: 0.008309 | C21: 65 | D21: 260 | E21: 0
A22: 21 | B22: 0.007536 | C22: 67 | D22: 268 | E22: 0
A23: 22 | B23: 0.007592 | C23: 70 | D23: 280 | E23: 0
A24: 23 | B24: 0.008094 | C24: 72 | D24: 288 | E24: 0
A25: 24 | B25: 0.007648 | C25: 75 | D25: 300 | E25: 0
A26: 25 | B26: 0.008387 | C26: 77 | D26: 308 | E26: 0
A27: 26 | B27: 0.007488 | C27: 80 | D27: 320 | E27: 0
... A1601: 1600 | B1601: 0.01514 | C1601: 1775 | D1601: 14220 | E1601: 0

Sheet NoCollision_300_run4
A1: Frame | B1: DeltaTime | C1: ParticleCount | D1: ChannelCollisions | E1: SphereCollisions
A2: 1 | B2: 0.02 | C2: 0 | D2: 0 | E2: 0 | I2: Average Delta Total: | J2: =AVERAGE(B:B) -> 0.011152624 | M2: Frame Saturation: | N2: 795
A3: 2 | B3: 0.02 | C3: 5 | D3: 28 | E3: 0 | I3: Average Delta Saturated: | J3: =AVERAGE(B796:B1601) -> 0.014808447
A4: 3 | B4: 0.041468 | C4: 10 | D4: 68 | E4: 0 | M4: Total Frames: | N4: 1600
A5: 4 | B5: 0.011517 | C5: 22 | D5: 344 | E5: 0 | I5: Max Delta Total | J5: =MAX(B:B) -> 0.041468
A6: 5 | B6: 0.007134 | C6: 27 | D6: 208 | E6: 0 | I6: Max Delta Saturated: | J6: =MAX(B796:B1601) -> 0.01853
A7: 6 | B7: 0.012037 | C7: 30 | D7: 120 | E7: 0
A8: 7 | B8: 0.007528 | C8: 32 | D8: 128 | E8: 0 | I8: Min Delta Total | J8: =MIN(B:B) -> 0.004398
A9: 8 | B9: 0.012936 | C9: 35 | D9: 140 | E9: 0 | I9: Min Delta Saturated | J9: =MIN(B796:B1604) -> 0.011122
A10: 9 | B10: 0.008018 | C10: 37 | D10: 148 | E10: 0
A11: 10 | B11: 0.007584 | C11: 40 | D11: 160 | E11: 0 | I11: Average Particle Count Saturated: | J11: =AVERAGE(C796:C1601) -> 1774.9963
A12: 11 | B12: 0.008108 | C12: 42 | D12: 168 | E12: 0
A13: 12 | B13: 0.007672 | C13: 45 | D13: 180 | E13: 0 | I13: Channel Collisions Saturated: | J13: =AVERAGE(D796:D1601) -> 12632.079
A14: 13 | B14: 0.007869 | C14: 47 | D14: 188 | E14: 0
A15: 14 | B15: 0.008262 | C15: 50 | D15: 200 | E15: 0 | I15: Sphere Collisions Saturated: | J15: =AVERAGE(E960:E1601) -> 0
A16: 15 | B16: 0.007578 | C16: 52 | D16: 208 | E16: 0
A17: 16 | B17: 0.009279 | C17: 55 | D17: 220 | E17: 0
A18: 17 | B18: 0.010126 | C18: 57 | D18: 228 | E18: 0
A19: 18 | B19: 0.007624 | C19: 60 | D19: 240 | E19: 0
A20: 19 | B20: 0.008279 | C20: 62 | D20: 248 | E20: 0
A21: 20 | B21: 0.007479 | C21: 65 | D21: 260 | E21: 0
A22: 21 | B22: 0.007621 | C22: 67 | D22: 268 | E22: 0
A23: 22 | B23: 0.007861 | C23: 70 | D23: 280 | E23: 0
A24: 23 | B24: 0.007725 | C24: 72 | D24: 288 | E24: 0
A25: 24 | B25: 0.008449 | C25: 75 | D25: 300 | E25: 0
A26: 25 | B26: 0.007438 | C26: 77 | D26: 308 | E26: 0
A27: 26 | B27: 0.006045 | C27: 80 | D27: 320 | E27: 0
... A1601: 1600 | B1601: 0.015884 | C1601: 1775 | D1601: 14220 | E1601: 0

Sheet NoCollision_300_run3
A1: Frame | B1: DeltaTime | C1: ParticleCount | D1: ChannelCollisions | E1: SphereCollisions
A2: 1 | B2: 0.02 | C2: 0 | D2: 0 | E2: 0 | I2: Average Delta Total: | J2: =AVERAGE(B:B) -> 0.011385743 | M2: Frame Saturation: | N2: 792
A3: 2 | B3: 0.02 | C3: 5 | D3: 28 | E3: 0 | I3: Average Delta Saturated: | J3: =AVERAGE(B793:B1601) -> 0.015191695
A4: 3 | B4: 0.034229 | C4: 10 | D4: 68 | E4: 0 | M4: Total Frames: | N4: 1600
A5: 4 | B5: 0.010565 | C5: 20 | D5: 256 | E5: 0 | I5: Max Delta Total | J5: =MAX(B:B) -> 0.034229
A6: 5 | B6: 0.008073 | C6: 25 | D6: 188 | E6: 0 | I6: Max Delta Saturated: | J6: =MAX(B793:B1601) -> 0.018479
A7: 6 | B7: 0.013002 | C7: 27 | D7: 108 | E7: 0
A8: 7 | B8: 0.007841 | C8: 30 | D8: 120 | E8: 0 | I8: Min Delta Total | J8: =MIN(B:B) -> 0.003981
A9: 8 | B9: 0.013508 | C9: 32 | D9: 128 | E9: 0 | I9: Min Delta Saturated | J9: =MIN(B793:B1604) -> 0.011414
A10: 9 | B10: 0.007756 | C10: 37 | D10: 288 | E10: 0
A11: 10 | B11: 0.007976 | C11: 40 | D11: 160 | E11: 0 | I11: Average Particle Count Saturated: | J11: =AVERAGE(C793:C1601) -> 1775
A12: 11 | B12: 0.007356 | C12: 42 | D12: 168 | E12: 0
A13: 12 | B13: 0.008064 | C13: 45 | D13: 180 | E13: 0 | I13: Channel Collisions Saturated: | J13: =AVERAGE(D793:D1601) -> 12963.214
A14: 13 | B14: 0.007719 | C14: 47 | D14: 188 | E14: 0
A15: 14 | B15: 0.007908 | C15: 47 | D15: 0 | E15: 0 | I15: Sphere Collisions Saturated: | J15: =AVERAGE(E960:E1601) -> 0
A16: 15 | B16: 0.007655 | C16: 50 | D16: 200 | E16: 0
A17: 16 | B17: 0.00787 | C17: 52 | D17: 208 | E17: 0
A18: 17 | B18: 0.009756 | C18: 55 | D18: 220 | E18: 0
A19: 18 | B19: 0.00894 | C19: 57 | D19: 228 | E19: 0
A20: 19 | B20: 0.005655 | C20: 60 | D20: 240 | E20: 0
A21: 20 | B21: 0.006024 | C21: 62 | D21: 248 | E21: 0
A22: 21 | B22: 0.006204 | C22: 65 | D22: 260 | E22: 0
A23: 22 | B23: 0.005503 | C23: 67 | D23: 268 | E23: 0
A24: 23 | B24: 0.006617 | C24: 67 | D24: 0 | E24: 0
A25: 24 | B25: 0.005949 | C25: 70 | D25: 280 | E25: 0
A26: 25 | B26: 0.005589 | C26: 72 | D26: 288 | E26: 0
A27: 26 | B27: 0.006344 | C27: 72 | D27: 0 | E27: 0
... A1601: 1600 | B1601: 0.01604 | C1601: 1775 | D1601: 14220 | E1601: 0

Sheet NoCollision_300_run2
A1: Frame | B1: DeltaTime | C1: ParticleCount | D1: ChannelCollisions | E1: SphereCollisions
A2: 1 | B2: 0.02 | C2: 0 | D2: 0 | E2: 0 | I2: Average Delta Total: | J2: =AVERAGE(B:B) -> 0.011231317 | M2: Frame Saturation: | N2: 796
A3: 2 | B3: 0.02 | C3: 5 | D3: 28 | E3: 0 | I3: Average Delta Saturated: | J3: =AVERAGE(B797:B1601) -> 0.014962047
A4: 3 | B4: 0.040646 | C4: 10 | D4: 68 | E4: 0 | M4: Total Frames: | N4: 1600
A5: 4 | B5: 0.010213 | C5: 22 | D5: 344 | E5: 0 | I5: Max Delta Total | J5: =MAX(B:B) -> 0.040646
A6: 5 | B6: 0.00803 | C6: 25 | D6: 100 | E6: 0 | I6: Max Delta Saturated: | J6: =MAX(B797:B1601) -> 0.018239
A7: 6 | B7: 0.008792 | C7: 27 | D7: 108 | E7: 0
A8: 7 | B8: 0.007982 | C8: 30 | D8: 120 | E8: 0 | I8: Min Delta Total | J8: =MIN(B:B) -> 0.004521
A9: 8 | B9: 0.01113 | C9: 32 | D9: 128 | E9: 0 | I9: Min Delta Saturated | J9: =MIN(B797:B1604) -> 0.011744
A10: 9 | B10: 0.00867 | C10: 37 | D10: 288 | E10: 0
A11: 10 | B11: 0.007699 | C11: 40 | D11: 160 | E11: 0 | I11: Average Particle Count Saturated: | J11: =AVERAGE(C797:C1601) -> 1775
A12: 11 | B12: 0.008167 | C12: 42 | D12: 168 | E12: 0
A13: 12 | B13: 0.007475 | C13: 45 | D13: 180 | E13: 0 | I13: Channel Collisions Saturated: | J13: =AVERAGE(D797:D1601) -> 12762.658
A14: 13 | B14: 0.0235 | C14: 47 | D14: 188 | E14: 0
A15: 14 | B15: 0.00779 | C15: 52 | D15: 408 | E15: 0 | I15: Sphere Collisions Saturated: | J15: =AVERAGE(E960:E1601) -> 0
A16: 15 | B16: 0.0082 | C16: 55 | D16: 220 | E16: 0
A17: 16 | B17: 0.00891 | C17: 57 | D17: 228 | E17: 0
A18: 17 | B18: 0.01003 | C18: 60 | D18: 240 | E18: 0
A19: 18 | B19: 0.007565 | C19: 65 | D19: 508 | E19: 0
A20: 19 | B20: 0.00813 | C20: 65 | D20: 0 | E20: 0
A21: 20 | B21: 0.007355 | C21: 67 | D21: 268 | E21: 0
A22: 21 | B22: 0.007995 | C22: 70 | D22: 280 | E22: 0
A23: 22 | B23: 0.007613 | C23: 72 | D23: 288 | E23: 0
A24: 23 | B24: 0.007835 | C24: 75 | D24: 300 | E24: 0
A25: 24 | B25: 0.006124 | C25: 77 | D25: 308 | E25: 0
A26: 25 | B26: 0.00563 | C26: 80 | D26: 320 | E26: 0
A27: 26 | B27: 0.006207 | C27: 82 | D27: 328 | E27: 0
... A1601: 1600 | B1601: 0.011884 | C1601: 1775 | D1601: 7112 | E1601: 0

Sheet NoCollision_300_run1
A1: Frame | B1: DeltaTime | C1: ParticleCount | D1: ChannelCollisions | E1: SphereCollisions
A2: 1 | B2: 0.02 | C2: 0 | D2: 0 | E2: 0 | I2: Average Delta Total: | J2: =AVERAGE(B:B) -> 0.017960043 | M2: Frame Saturation: | N2: 686
A3: 2 | B3: 0.02 | C3: 5 | D3: 28 | E3: 0 | I3: Average Delta Saturated: | J3: =AVERAGE(B687:B1601) -> 0.024926769
A4: 3 | B4: 0.048884 | C4: 10 | D4: 68 | E4: 0 | M4: Total Frames: | N4: 1600
A5: 4 | B5: 0.018801 | C5: 25 | D5: 444 | E5: 0 | I5: Max Delta Total | J5: =MAX(B:B) -> 0.048884
A6: 5 | B6: 0.009209 | C6: 30 | D6: 228 | E6: 0 | I6: Max Delta Saturated: | J6: =MAX(B687:B1601) -> 0.040681
A7: 6 | B7: 0.010027 | C7: 35 | D7: 268 | E7: 0
A8: 7 | B8: 0.014995 | C8: 37 | D8: 148 | E8: 0 | I8: Min Delta Total | J8: =MIN(B:B) -> 0.004397
A9: 8 | B9: 0.010412 | C9: 42 | D9: 328 | E9: 0 | I9: Min Delta Saturated | J9: =MIN(B687:B1604) -> 0.018514
A10: 9 | B10: 0.011089 | C10: 45 | D10: 180 | E10: 0
A11: 10 | B11: 0.010042 | C11: 47 | D11: 188 | E11: 0 | I11: Average Particle Count Saturated: | J11: =AVERAGE(C687:C1601) -> 1775
A12: 11 | B12: 0.010164 | C12: 50 | D12: 200 | E12: 0
A13: 12 | B13: 0.020067 | C13: 55 | D13: 428 | E13: 0 | I13: Channel Collisions Saturated: | J13: =AVERAGE(D687:D1601) -> 21260.052
A14: 13 | B14: 0.010165 | C14: 60 | D14: 468 | E14: 0
A15: 14 | B15: 0.011529 | C15: 62 | D15: 248 | E15: 0 | I15: Sphere Collisions Saturated: | J15: =AVERAGE(E960:E1601) -> 0
A16: 15 | B16: 0.010507 | C16: 67 | D16: 528 | E16: 0
A17: 16 | B17: 0.009597 | C17: 70 | D17: 280 | E17: 0
A18: 17 | B18: 0.010961 | C18: 72 | D18: 288 | E18: 0
A19: 18 | B19: 0.009839 | C19: 75 | D19: 300 | E19: 0
A20: 19 | B20: 0.009579 | C20: 77 | D20: 308 | E20: 0
A21: 20 | B21: 0.010202 | C21: 82 | D21: 648 | E21: 0
A22: 21 | B22: 0.009946 | C22: 85 | D22: 340 | E22: 0
A23: 22 | B23: 0.010202 | C23: 87 | D23: 348 | E23: 0
A24: 23 | B24: 0.009846 | C24: 90 | D24: 360 | E24: 0
A25: 24 | B25: 0.010108 | C25: 92 | D25: 368 | E25: 0
A26: 25 | B26: 0.010361 | C26: 97 | D26: 768 | E26: 0
A27: 26 | B27: 0.018562 | C27: 100 | D27: 400 | E27: 0
... A1601: 1600 | B1601: 0.019943 | C1601: 1775 | D1601: 14220 | E1601: 0

Sheet NoCollision_100_run5
A1: Frame | B1: DeltaTime | C1: ParticleCount | D1: ChannelCollisions | E1: SphereCollisions
A2: 1 | B2: 0.02 | C2: 0 | D2: 0 | E2: 0 | I2: Average Delta Total: | J2: =AVERAGE(B:B) -> 0.006606455 | M2: Frame Saturation: | N2: 959
A3: 2 | B3: 0.02 | C3: 1 | D3: 4 | E3: 0 | I3: Average Delta Saturated: | J3: =AVERAGE(B960:B1601) -> 0.0072473333
A4: 3 | B4: 0.036306 | C4: 3 | D4: 20 | E4: 0 | M4: Total Frames: | N4: 1600
A5: 4 | B5: 0.009411 | C5: 7 | D5: 108 | E5: 0 | I5: Max Delta Total | J5: =MAX(B:B) -> 0.036306
A6: 5 | B6: 0.007315 | C6: 8 | D6: 32 | E6: 0 | I6: Max Delta Saturated: | J6: =MAX(B960:B1601) -> 0.012978
A7: 6 | B7: 0.012772 | C7: 9 | D7: 36 | E7: 0
A8: 7 | B8: 0.007689 | C8: 10 | D8: 40 | E8: 0 | I8: Min Delta Total | J8: =MIN(B:B) -> 0.004415
A9: 8 | B9: 0.01378 | C9: 10 | D9: 40 | E9: 0 | I9: Min Delta Saturated | J9: =MIN(B960:B1604) -> 0.004828
A10: 9 | B10: 0.007626 | C10: 12 | D10: 92 | E10: 0
A11: 10 | B11: 0.00809 | C11: 13 | D11: 52 | E11: 0 | I11: Average Particle Count Saturated: | J11: =AVERAGE(C960:C1601) -> 591.67445
A12: 11 | B12: 0.00718 | C12: 14 | D12: 56 | E12: 0
A13: 12 | B13: 0.008099 | C13: 15 | D13: 60 | E13: 0 | I13: Channel Collisions Saturated: | J13: =AVERAGE(D960:D1601) -> 2059.9003
A14: 13 | B14: 0.00764 | C14: 15 | D14: 0 | E14: 0
A15: 14 | B15: 0.008001 | C15: 15 | D15: 60 | E15: 0 | I15: Sphere Collisions Saturated: | J15: =AVERAGE(E960:E1601) -> 0
A16: 15 | B16: 0.007578 | C16: 16 | D16: 64 | E16: 0
A17: 16 | B17: 0.007797 | C17: 17 | D17: 68 | E17: 0
A18: 17 | B18: 0.009436 | C18: 18 | D18: 72 | E18: 0
A19: 18 | B19: 0.010216 | C19: 19 | D19: 76 | E19: 0
A20: 19 | B20: 0.005809 | C20: 20 | D20: 160 | E20: 0
A21: 20 | B21: 0.006811 | C21: 20 | D21: 0 | E21: 0
A22: 21 | B22: 0.005633 | C22: 21 | D22: 84 | E22: 0
A23: 22 | B23: 0.006035 | C23: 22 | D23: 88 | E23: 0
A24: 23 | B24: 0.006477 | C24: 22 | D24: 0 | E24: 0
A25: 24 | B25: 0.005641 | C25: 23 | D25: 92 | E25: 0
A26: 25 | B26: 0.005863 | C26: 24 | D26: 96 | E26: 0
A27: 26 | B27: 0.006115 | C27: 25 | D27: 100 | E27: 0
... A1601: 1600 | B1601: 0.00755 | C1601: 591 | D1601: 2368 | E1601: 0

Sheet NoCollision_100_run4
A1: Frame | B1: DeltaTime | C1: ParticleCount | D1: ChannelCollisions | E1: SphereCollisions
A2: 1 | B2: 0.02 | C2: 0 | D2: 0 | E2: 0 | I2: Average Delta Total: | J2: =AVERAGE(B:B) -> 0.0065882606 | M2: Frame Saturation: | N2: 959
A3: 2 | B3: 0.02 | C3: 1 | D3: 4 | E3: 0 | I3: Average Delta Saturated: | J3: =AVERAGE(B960:B1601) -> 0.0071991168
A4: 3 | B4: 0.045207 | C4: 3 | D4: 20 | E4: 0 | M4: Total Frames: | N4: 1600
A5: 4 | B5: 0.007931 | C5: 8 | D5: 140 | E5: 0 | I5: Max Delta Total | J5: =MAX(B:B) -> 0.045207
A6: 5 | B6: 0.00637 | C6: 9 | D6: 36 | E6: 0 | I6: Max Delta Saturated: | J6: =MAX(B960:B1601) -> 0.008845
A7: 6 | B7: 0.011394 | C7: 9 | D7: 0 | E7: 0
A8: 7 | B8: 0.007694 | C8: 10 | D8: 80 | E8: 0 | I8: Min Delta Total | J8: =MIN(B:B) -> 0.004237
A9: 8 | B9: 0.011833 | C9: 11 | D9: 44 | E9: 0 | I9: Min Delta Saturated | J9: =MIN(B960:B1604) -> 0.004784
A10: 9 | B10: 0.008183 | C10: 12 | D10: 48 | E10: 0
A11: 10 | B11: 0.007649 | C11: 13 | D11: 52 | E11: 0 | I11: Average Particle Count Saturated: | J11: =AVERAGE(C960:C1601) -> 591.65888
A12: 11 | B12: 0.007938 | C12: 14 | D12: 56 | E12: 0
A13: 12 | B13: 0.008251 | C13: 15 | D13: 60 | E13: 0 | I13: Channel Collisions Saturated: | J13: =AVERAGE(D960:D1601) -> 2048.8224
A14: 13 | B14: 0.008104 | C14: 15 | D14: 60 | E14: 0
A15: 14 | B15: 0.007243 | C15: 16 | D15: 64 | E15: 0 | I15: Sphere Collisions Saturated: | J15: =AVERAGE(E960:E1601) -> 0
A16: 15 | B16: 0.0071 | C16: 17 | D16: 68 | E16: 0
A17: 16 | B17: 0.008402 | C17: 18 | D17: 72 | E17: 0
A18: 17 | B18: 0.008267 | C18: 19 | D18: 76 | E18: 0
A19: 18 | B19: 0.006742 | C19: 20 | D19: 80 | E19: 0
A20: 19 | B20: 0.00674 | C20: 20 | D20: 0 | E20: 0
A21: 20 | B21: 0.007442 | C21: 20 | D21: 80 | E21: 0
A22: 21 | B22: 0.006631 | C22: 21 | D22: 84 | E22: 0
A23: 22 | B23: 0.007182 | C23: 22 | D23: 88 | E23: 0
A24: 23 | B24: 0.006585 | C24: 23 | D24: 92 | E24: 0
A25: 24 | B25: 0.006554 | C25: 24 | D25: 96 | E25: 0
A26: 25 | B26: 0.007065 | C26: 24 | D26: 0 | E26: 0
A27: 26 | B27: 0.006795 | C27: 25 | D27: 100 | E27: 0
... A1601: 1600 | B1601: 0.00618 | C1601: 592 | D1601: 2372 | E1601: 0

Sheet NoCollision_100_run3
A1: Frame | B1: DeltaTime | C1: ParticleCount | D1: ChannelCollisions | E1: SphereCollisions
A2: 1 | B2: 0.02 | C2: 0 | D2: 0 | E2: 0 | I2: Average Delta Total: | J2: =AVERAGE(B:B) -> 0.0066094206 | M2: Frame Saturation: | N2: 954
A3: 2 | B3: 0.02 | C3: 1 | D3: 4 | E3: 0 | I3: Average Delta Saturated: | J3: =AVERAGE(B955:B1601) -> 0.0072021051
A4: 3 | B4: 0.05115 | C4: 3 | D4: 20 | E4: 0 | M4: Total Frames: | N4: 1600
A5: 4 | B5: 0.008181 | C5: 8 | D5: 140 | E5: 0 | I5: Max Delta Total | J5: =MAX(B:B) -> 0.05115
A6: 5 | B6: 0.010944 | C6: 9 | D6: 36 | E6: 0 | I6: Max Delta Saturated: | J6: =MAX(B955:B1601) -> 0.012764
A7: 6 | B7: 0.010097 | C7: 10 | D7: 80 | E7: 0
A8: 7 | B8: 0.007539 | C8: 11 | D8: 44 | E8: 0 | I8: Min Delta Total | J8: =MIN(B:B) -> 0.004335
A9: 8 | B9: 0.016714 | C9: 12 | D9: 48 | E9: 0 | I9: Min Delta Saturated | J9: =MIN(B955:B1604) -> 0.004993
A10: 9 | B10: 0.008215 | C10: 14 | D10: 108 | E10: 0
A11: 10 | B11: 0.007457 | C11: 15 | D11: 60 | E11: 0 | I11: Average Particle Count Saturated: | J11: =AVERAGE(C955:C1601) -> 591.6677
A12: 11 | B12: 0.007588 | C12: 15 | D12: 60 | E12: 0
A13: 12 | B13: 0.008038 | C13: 16 | D13: 64 | E13: 0 | I13: Channel Collisions Saturated: | J13: =AVERAGE(D955:D1601) -> 2047.6414
A14: 13 | B14: 0.009049 | C14: 17 | D14: 68 | E14: 0
A15: 14 | B15: 0.008575 | C15: 18 | D15: 72 | E15: 0 | I15: Sphere Collisions Saturated: | J15: =AVERAGE(E960:E1601) -> 0
A16: 15 | B16: 0.009203 | C16: 19 | D16: 76 | E16: 0
A17: 16 | B17: 0.006239 | C17: 20 | D17: 80 | E17: 0
A18: 17 | B18: 0.006405 | C18: 20 | D18: 80 | E18: 0
A19: 18 | B19: 0.00686 | C19: 20 | D19: 0 | E19: 0
A20: 19 | B20: 0.006252 | C20: 21 | D20: 84 | E20: 0
A21: 20 | B21: 0.006133 | C21: 22 | D21: 88 | E21: 0
A22: 21 | B22: 0.006703 | C22: 23 | D22: 92 | E22: 0
A23: 22 | B23: 0.006203 | C23: 23 | D23: 0 | E23: 0
A24: 23 | B24: 0.00685 | C24: 24 | D24: 96 | E24: 0
A25: 24 | B25: 0.006107 | C25: 25 | D25: 100 | E25: 0
A26: 25 | B26: 0.006558 | C26: 25 | D26: 100 | E26: 0
A27: 26 | B27: 0.006465 | C27: 26 | D27: 104 | E27: 0
... A1601: 1600 | B1601: 0.007702 | C1601: 591 | D1601: 2368 | E1601: 0

Sheet NoCollision_100_run2
A1: Frame | B1: DeltaTime | C1: ParticleCount | D1: ChannelCollisions | E1: SphereCollisions
A2: 1 | B2: 0.02 | C2: 0 | D2: 0 | E2: 0 | I2: Average Delta Total: | J2: =AVERAGE(B:B) -> 0.0065603325 | M2: Frame Saturation: | N2: 958
A3: 2 | B3: 0.02 | C3: 1 | D3: 4 | E3: 0 | I3: Average Delta Saturated: | J3: =AVERAGE(B959:B1601) -> 0.0071163888
A4: 3 | B4: 0.047134 | C4: 3 | D4: 20 | E4: 0 | M4: Total Frames: | N4: 1600
A5: 4 | B5: 0.014013 | C5: 8 | D5: 140 | E5: 0 | I5: Max Delta Total | J5: =MAX(B:B) -> 0.047134
A6: 5 | B6: 0.006761 | C6: 10 | D6: 76 | E6: 0 | I6: Max Delta Saturated: | J6: =MAX(B959:B1601) -> 0.008622
A7: 6 | B7: 0.011009 | C7: 10 | D7: 0 | E7: 0
A8: 7 | B8: 0.007543 | C8: 11 | D8: 84 | E8: 0 | I8: Min Delta Total | J8: =MIN(B:B) -> 0.003842
A9: 8 | B9: 0.0098 | C9: 12 | D9: 48 | E9: 0 | I9: Min Delta Saturated | J9: =MIN(B959:B1604) -> 0.004817
A10: 9 | B10: 0.007429 | C10: 13 | D10: 52 | E10: 0
A11: 10 | B11: 0.008267 | C11: 14 | D11: 56 | E11: 0 | I11: Average Particle Count Saturated: | J11: =AVERAGE(C959:C1601) -> 591.69207
A12: 11 | B12: 0.007574 | C12: 15 | D12: 60 | E12: 0
A13: 12 | B13: 0.008375 | C13: 15 | D13: 60 | E13: 0 | I13: Channel Collisions Saturated: | J13: =AVERAGE(D959:D1601) -> 2023.521
A14: 13 | B14: 0.00772 | C14: 16 | D14: 64 | E14: 0
A15: 14 | B15: 0.008012 | C15: 17 | D15: 68 | E15: 0 | I15: Sphere Collisions Saturated: | J15: =AVERAGE(E960:E1601) -> 0
A16: 15 | B16: 0.006721 | C16: 18 | D16: 72 | E16: 0
A17: 16 | B17: 0.008855 | C17: 18 | D17: 0 | E17: 0
A18: 17 | B18: 0.008664 | C18: 19 | D18: 76 | E18: 0
A19: 18 | B19: 0.007272 | C19: 20 | D19: 80 | E19: 0
A20: 19 | B20: 0.006618 | C20: 20 | D20: 80 | E20: 0
A21: 20 | B21: 0.006668 | C21: 21 | D21: 84 | E21: 0
A22: 21 | B22: 0.007243 | C22: 22 | D22: 88 | E22: 0
A23: 22 | B23: 0.006703 | C23: 23 | D23: 92 | E23: 0
A24: 23 | B24: 0.007178 | C24: 24 | D24: 96 | E24: 0
A25: 24 | B25: 0.00662 | C25: 24 | D25: 0 | E25: 0
A26: 25 | B26: 0.007303 | C26: 25 | D26: 100 | E26: 0
A27: 26 | B27: 0.006695 | C27: 25 | D27: 100 | E27: 0
... A1601: 1600 | B1601: 0.006046 | C1601: 592 | D1601: 0 | E1601: 0

Sheet NoCollision_100_run1
A1: Frame | B1: DeltaTime | C1: ParticleCount | D1: ChannelCollisions | E1: SphereCollisions
A2: 1 | B2: 0.02 | C2: 0 | D2: 0 | E2: 0 | I2: Average Delta Total: | J2: =AVERAGE(B:B) -> 0.0079205106 | M2: Frame Saturation: | N2: 926
A3: 2 | B3: 0.02 | C3: 1 | D3: 4 | E3: 0 | I3: Average Delta Saturated: | J3: =AVERAGE(B927:B1601) -> 0.010002084
A4: 3 | B4: 0.063946 | C4: 3 | D4: 20 | E4: 0 | M4: Total Frames: | N4: 1600
A5: 4 | B5: 0.018902 | C5: 10 | D5: 216 | E5: 0 | I5: Max Delta Total | J5: =MAX(B:B) -> 0.063946
A6: 5 | B6: 0.01279 | C6: 11 | D6: 84 | E6: 0 | I6: Max Delta Saturated: | J6: =MAX(B927:B1601) -> 0.025171
A7: 6 | B7: 0.010101 | C7: 13 | D7: 100 | E7: 0
A8: 7 | B8: 0.015011 | C8: 14 | D8: 56 | E8: 0 | I8: Min Delta Total | J8: =MIN(B:B) -> 0.004043
A9: 8 | B9: 0.010847 | C9: 15 | D9: 120 | E9: 0 | I9: Min Delta Saturated | J9: =MIN(B927:B1604) -> 0.00677
A10: 9 | B10: 0.010264 | C10: 16 | D10: 64 | E10: 0
A11: 10 | B11: 0.018638 | C11: 17 | D11: 68 | E11: 0 | I11: Average Particle Count Saturated: | J11: =AVERAGE(C927:C1601) -> 591.66963
A12: 11 | B12: 0.009931 | C12: 20 | D12: 228 | E12: 0
A13: 12 | B13: 0.012499 | C13: 20 | D13: 80 | E13: 0 | I13: Channel Collisions Saturated: | J13: =AVERAGE(D927:D1601) -> 2843.9941
A14: 13 | B14: 0.01019 | C14: 21 | D14: 84 | E14: 0
A15: 14 | B15: 0.010165 | C15: 22 | D15: 88 | E15: 0 | I15: Sphere Collisions Saturated: | J15: =AVERAGE(E960:E1601) -> 0
A16: 15 | B16: 0.010653 | C16: 24 | D16: 188 | E16: 0
A17: 16 | B17: 0.01018 | C17: 25 | D17: 100 | E17: 0
A18: 17 | B18: 0.009596 | C18: 25 | D18: 100 | E18: 0
A19: 18 | B19: 0.009864 | C19: 26 | D19: 104 | E19: 0
A20: 19 | B20: 0.008118 | C20: 28 | D20: 220 | E20: 0
A21: 20 | B21: 0.004819 | C21: 29 | D21: 116 | E21: 0
A22: 21 | B22: 0.005142 | C22: 29 | D22: 0 | E22: 0
A23: 22 | B23: 0.004421 | C23: 30 | D23: 120 | E23: 0
A24: 23 | B24: 0.004224 | C24: 30 | D24: 0 | E24: 0
A25: 24 | B25: 0.004547 | C25: 30 | D25: 120 | E25: 0
A26: 25 | B26: 0.004231 | C26: 30 | D26: 0 | E26: 0
A27: 26 | B27: 0.004214 | C27: 31 | D27: 124 | E27: 0
... A1601: 1600 | B1601: 0.010066 | C1601: 591 | D1601: 2368 | E1601: 0

Sheet BatchData
B2: Particles Per Second | C2: 100 | D2: 300 | E2: 500 | G2: DeltaTime | H2: 100 | I2: 300 | J2: 500 | M2: ParticleCount | N2: 100 | O2: 300 | P2: 500
B3: Average DeltaTime Saturated | C3: =AVERAGE(NoCollision_100_run5!J3,NoCollision_100_run4!J3,NoCollision_100_run3!J3,NoCollision_100_run2!J3,NoCollision_100_run1!J3) -> 0.0077534057 | D3: =AVERAGE(NoCollision_300_run5!J3,NoCollision_300_run4!J3,NoCollision_300_run3!J3,NoCollision_300_run2!J3,NoCollision_300_run1!J3) -> 0.01696652 | E3: =AVERAGE(NoCollision_500_run5!J3,NoCollision_500_run4!J3,NoCollision_500_run3!J3,NoCollision_500_run2!J3,NoCollision_500_run1!J3) -> 0.029996682 | H3: =AVERAGE(NoCollision_100_run1!B2,NoCollision_100_run2!B2,NoCollision_100_run3!B2,NoCollision_100_run4!B2,NoCollision_100_run5!B2) -> 0.02 | I3: =AVERAGE(NoCollision_300_run1!B2,NoCollision_300_run2!B2,NoCollision_300_run3!B2,NoCollision_300_run4!B2,NoCollision_300_run5!B2) -> 0.02 | J3: =AVERAGE(NoCollision_500_run1!B2,NoCollision_500_run2!B2,NoCollision_500_run3!B2,NoCollision_500_run4!B2,NoCollision_500_run5!B2) -> 0.02 | N3: =AVERAGE(NoCollision_100_run1!C2,NoCollision_100_run2!C2,NoCollision_100_run3!C2,NoCollision_100_run4!C2,NoCollision_100_run5!C2) -> 0 | O3: =AVERAGE(NoCollision_300_run1!C2,NoCollision_300_run2!C2,NoCollision_300_run3!C2,NoCollision_300_run4!C2,NoCollision_300_run5!C2) -> 0 | P3: =AVERAGE(NoCollision_500_run1!C2,NoCollision_500_run2!C2,NoCollision_500_run3!C2,NoCollision_500_run4!C2,NoCollision_500_run5!C2) -> 0
H4: =AVERAGE(NoCollision_100_run1!B3,NoCollision_100_run2!B3,NoCollision_100_run3!B3,NoCollision_100_run4!B3,NoCollision_100_run5!B3) -> 0.02 | I4: =AVERAGE(NoCollision_300_run1!B3,NoCollision_300_run2!B3,NoCollision_300_run3!B3,NoCollision_300_run4!B3,NoCollision_300_run5!B3) -> 0.02 | J4: =AVERAGE(NoCollision_500_run1!B3,NoCollision_500_run2!B3,NoCollision_500_run3!B3,NoCollision_500_run4!B3,NoCollision_500_run5!B3) -> 0.02 | N4: =AVERAGE(NoCollision_100_run1!C3,NoCollision_100_run2!C3,NoCollision_100_run3!C3,NoCollision_100_run4!C3,NoCollision_100_run5!C3) -> 1 | O4: =AVERAGE(NoCollision_300_run1!C3,NoCollision_300_run2!C3,NoCollision_300_run3!C3,NoCollision_300_run4!C3,NoCollision_300_run5!C3) -> 5 | P4: =AVERAGE(NoCollision_500_run1!C3,NoCollision_500_run2!C3,NoCollision_500_run3!C3,NoCollision_500_run4!C3,NoCollision_500_run5!C3) -> 8
B5: Max Delta Saturated: | C5: =MAX(NoCollision_100_run5!J6,NoCollision_100_run4!J6,NoCollision_100_run3!J6,NoCollision_100_run2!J6,NoCollision_100_run1!J6) -> 0.025171 | D5: =MAX(NoCollision_300_run5!J6,NoCollision_300_run4!J6,NoCollision_300_run3!J6,NoCollision_300_run2!J6,NoCollision_300_run1!J6) -> 0.040681 | E5: =MAX(NoCollision_500_run5!J6,NoCollision_500_run4!J6,NoCollision_500_run3!J6,NoCollision_500_run2!J6,NoCollision_500_run1!J6) -> 0.0379 | H5: =AVERAGE(NoCollision_100_run1!B4,NoCollision_100_run2!B4,NoCollision_100_run3!B4,NoCollision_100_run4!B4,NoCollision_100_run5!B4) -> 0.0487486 | I5: =AVERAGE(NoCollision_300_run1!B4,NoCollision_300_run2!B4,NoCollision_300_run3!B4,NoCollision_300_run4!B4,NoCollision_300_run5!B4) -> 0.0425928 | J5: =AVERAGE(NoCollision_500_run1!B4,NoCollision_500_run2!B4,NoCollision_500_run3!B4,NoCollision_500_run4!B4,NoCollision_500_run5!B4) -> 0.0348126 | N5: =AVERAGE(NoCollision_100_run1!C4,NoCollision_100_run2!C4,NoCollision_100_run3!C4,NoCollision_100_run4!C4,NoCollision_100_run5!C4) -> 3 | O5: =AVERAGE(NoCollision_300_run1!C4,NoCollision_300_run2!C4,NoCollision_300_run3!C4,NoCollision_300_run4!C4,NoCollision_300_run5!C4) -> 10 | P5: =AVERAGE(NoCollision_500_run1!C4,NoCollision_500_run2!C4,NoCollision_500_run3!C4,NoCollision_500_run4!C4,NoCollision_500_run5!C4) -> 16
H6: =AVERAGE(NoCollision_100_run1!B5,NoCollision_100_run2!B5,NoCollision_100_run3!B5,NoCollision_100_run4!B5,NoCollision_100_run5!B5) -> 0.0116876 | I6: =AVERAGE(NoCollision_300_run1!B5,NoCollision_300_run2!B5,NoCollision_300_run3!B5,NoCollision_300_run4!B5,NoCollision_300_run5!B5) -> 0.011868 | J6: =AVERAGE(NoCollision_500_run1!B5,NoCollision_500_run2!B5,NoCollision_500_run3!B5,NoCollision_500_run4!B5,NoCollision_500_run5!B5) -> 0.0107322 | N6: =AVERAGE(NoCollision_100_run1!C5,NoCollision_100_run2!C5,NoCollision_100_run3!C5,NoCollision_100_run4!C5,NoCollision_100_run5!C5) -> 8.2 | O6: =AVERAGE(NoCollision_300_run1!C5,NoCollision_300_run2!C5,NoCollision_300_run3!C5,NoCollision_300_run4!C5,NoCollision_300_run5!C5) -> 22.8 | P6: =AVERAGE(NoCollision_500_run1!C5,NoCollision_500_run2!C5,NoCollision_500_run3!C5,NoCollision_500_run4!C5,NoCollision_500_run5!C5) -> 35.4
B7: Min Delta Saturated: | C7: =MIN(NoCollision_100_run5!J9,NoCollision_100_run4!J9,NoCollision_100_run3!J9,NoCollision_100_run2!J9,NoCollision_100_run1!J9) -> 0.004784 | D7: =MIN(NoCollision_300_run5!J9,NoCollision_300_run4!J9,NoCollision_300_run3!J9,NoCollision_300_run2!J9,NoCollision_300_run1!J9) -> 0.010954 | E7: =MIN(NoCollision_500_run5!J9,NoCollision_500_run4!J9,NoCollision_500_run3!J9,NoCollision_500_run2!J9,NoCollision_500_run1!J9) -> 0.024495 | H7: =AVERAGE(NoCollision_100_run1!B6,NoCollision_100_run2!B6,NoCollision_100_run3!B6,NoCollision_100_run4!B6,NoCollision_100_run5!B6) -> 0.008836 | I7: =AVERAGE(NoCollision_300_run1!B6,NoCollision_300_run2!B6,NoCollision_300_run3!B6,NoCollision_300_run4!B6,NoCollision_300_run5!B6) -> 0.0078396 | J7: =AVERAGE(NoCollision_500_run1!B6,NoCollision_500_run2!B6,NoCollision_500_run3!B6,NoCollision_500_run4!B6,NoCollision_500_run5!B6) -> 0.0075852 | N7: =AVERAGE(NoCollision_100_run1!C6,NoCollision_100_run2!C6,NoCollision_100_run3!C6,NoCollision_100_run4!C6,NoCollision_100_run5!C6) -> 9.4 | O7: =AVERAGE(NoCollision_300_run1!C6,NoCollision_300_run2!C6,NoCollision_300_run3!C6,NoCollision_300_run4!C6,NoCollision_300_run5!C6) -> 26.8 | P7: =AVERAGE(NoCollision_500_run1!C6,NoCollision_500_run2!C6,NoCollision_500_run3!C6,NoCollision_500_run4!C6,NoCollision_500_run5!C6) -> 39.4
H8: =AVERAGE(NoCollision_100_run1!B7,NoCollision_100_run2!B7,NoCollision_100_run3!B7,NoCollision_100_run4!B7,NoCollision_100_run5!B7) -> 0.0110746 | I8: =AVERAGE(NoCollision_300_run1!B7,NoCollision_300_run2!B7,NoCollision_300_run3!B7,NoCollision_300_run4!B7,NoCollision_300_run5!B7) -> 0.0107916 | J8: =AVERAGE(NoCollision_500_run1!B7,NoCollision_500_run2!B7,NoCollision_500_run3!B7,NoCollision_500_run4!B7,NoCollision_500_run5!B7) -> 0.0108494 | N8: =AVERAGE(NoCollision_100_run1!C7,NoCollision_100_run2!C7,NoCollision_100_run3!C7,NoCollision_100_run4!C7,NoCollision_100_run5!C7) -> 10.2 | O8: =AVERAGE(NoCollision_300_run1!C7,NoCollision_300_run2!C7,NoCollision_300_run3!C7,NoCollision_300_run4!C7,NoCollision_300_run5!C7) -> 29.8 | P8: =AVERAGE(NoCollision_500_run1!C7,NoCollision_500_run2!C7,NoCollision_500_run3!C7,NoCollision_500_run4!C7,NoCollision_500_run5!C7) -> 43.4
B9: Average Saturation Frame: | C9: =AVERAGE(NoCollision_100_run5!N2,NoCollision_100_run4!N2,NoCollision_100_run3!N2,NoCollision_100_run2!N2,NoCollision_100_run1!N2) -> 951.2 | D9: =AVERAGE(NoCollision_300_run5!N2,NoCollision_300_run4!N2,NoCollision_300_run3!N2,NoCollision_300_run2!N2,NoCollision_300_run1!N2) -> 771.4 | E9: =AVERAGE(NoCollision_500_run5!N2,NoCollision_500_run4!N2,NoCollision_500_run3!N2,NoCollision_500_run2!N2,NoCollision_500_run1!N2) -> 634.2 | H9: =AVERAGE(NoCollision_100_run1!B8,NoCollision_100_run2!B8,NoCollision_100_run3!B8,NoCollision_100_run4!B8,NoCollision_100_run5!B8) -> 0.0090952 | I9: =AVERAGE(NoCollision_300_run1!B8,NoCollision_300_run2!B8,NoCollision_300_run3!B8,NoCollision_300_run4!B8,NoCollision_300_run5!B8) -> 0.0091952 | J9: =AVERAGE(NoCollision_500_run1!B8,NoCollision_500_run2!B8,NoCollision_500_run3!B8,NoCollision_500_run4!B8,NoCollision_500_run5!B8) -> 0.0077566 | N9: =AVERAGE(NoCollision_100_run1!C8,NoCollision_100_run2!C8,NoCollision_100_run3!C8,NoCollision_100_run4!C8,NoCollision_100_run5!C8) -> 11.2 | O9: =AVERAGE(NoCollision_300_run1!C8,NoCollision_300_run2!C8,NoCollision_300_run3!C8,NoCollision_300_run4!C8,NoCollision_300_run5!C8) -> 32.2 | P9: =AVERAGE(NoCollision_500_run1!C8,NoCollision_500_run2!C8,NoCollision_500_run3!C8,NoCollision_500_run4!C8,NoCollision_500_run5!C8) -> 49
H10: =AVERAGE(NoCollision_100_run1!B9,NoCollision_100_run2!B9,NoCollision_100_run3!B9,NoCollision_100_run4!B9,NoCollision_100_run5!B9) -> 0.0125948 | I10: =AVERAGE(NoCollision_300_run1!B9,NoCollision_300_run2!B9,NoCollision_300_run3!B9,NoCollision_300_run4!B9,NoCollision_300_run5!B9) -> 0.011808 | J10: =AVERAGE(NoCollision_500_run1!B9,NoCollision_500_run2!B9,NoCollision_500_run3!B9,NoCollision_500_run4!B9,NoCollision_500_run5!B9) -> 0.0115754 | N10: =AVERAGE(NoCollision_100_run1!C9,NoCollision_100_run2!C9,NoCollision_100_run3!C9,NoCollision_100_run4!C9,NoCollision_100_run5!C9) -> 12 | O10: =AVERAGE(NoCollision_300_run1!C9,NoCollision_300_run2!C9,NoCollision_300_run3!C9,NoCollision_300_run4!C9,NoCollision_300_run5!C9) -> 35.2 | P10: =AVERAGE(NoCollision_500_run1!C9,NoCollision_500_run2!C9,NoCollision_500_run3!C9,NoCollision_500_run4!C9,NoCollision_500_run5!C9) -> 53
H11: =AVERAGE(NoCollision_100_run1!B10,NoCollision_100_run2!B10,NoCollision_100_run3!B10,NoCollision_100_run4!B10,NoCollision_100_run5!B10) -> 0.0083434 | I11: =AVERAGE(NoCollision_300_run1!B10,NoCollision_300_run2!B10,NoCollision_300_run3!B10,NoCollision_300_run4!B10,NoCollision_300_run5!B10) -> 0.008656 | J11: =AVERAGE(NoCollision_500_run1!B10,NoCollision_500_run2!B10,NoCollision_500_run3!B10,NoCollision_500_run4!B10,NoCollision_500_run5!B10) -> 0.0074912 | N11: =AVERAGE(NoCollision_100_run1!C10,NoCollision_100_run2!C10,NoCollision_100_run3!C10,NoCollision_100_run4!C10,NoCollision_100_run5!C10) -> 13.4 | O11: =AVERAGE(NoCollision_300_run1!C10,NoCollision_300_run2!C10,NoCollision_300_run3!C10,NoCollision_300_run4!C10,NoCollision_300_run5!C10) -> 38.6 | P11: =AVERAGE(NoCollision_500_run1!C10,NoCollision_500_run2!C10,NoCollision_500_run3!C10,NoCollision_500_run4!C10,NoCollision_500_run5!C10) -> 59.6
H12: =AVERAGE(NoCollision_100_run1!B11,NoCollision_100_run2!B11,NoCollision_100_run3!B11,NoCollision_100_run4!B11,NoCollision_100_run5!B11) -> 0.0100202 | I12: =AVERAGE(NoCollision_300_run1!B11,NoCollision_300_run2!B11,NoCollision_300_run3!B11,NoCollision_300_run4!B11,NoCollision_300_run5!B11) -> 0.00826 | J12: =AVERAGE(NoCollision_500_run1!B11,NoCollision_500_run2!B11,NoCollision_500_run3!B11,NoCollision_500_run4!B11,NoCollision_500_run5!B11) -> 0.007855 | N12: =AVERAGE(NoCollision_100_run1!C11,NoCollision_100_run2!C11,NoCollision_100_run3!C11,NoCollision_100_run4!C11,NoCollision_100_run5!C11) -> 14.4 | O12: =AVERAGE(NoCollision_300_run1!C11,NoCollision_300_run2!C11,NoCollision_300_run3!C11,NoCollision_300_run4!C11,NoCollision_300_run5!C11) -> 41.4 | P12: =AVERAGE(NoCollision_500_run1!C11,NoCollision_500_run2!C11,NoCollision_500_run3!C11,NoCollision_500_run4!C11,NoCollision_500_run5!C11) -> 62.8
H13: =AVERAGE(NoCollision_100_run1!B12,NoCollision_100_run2!B12,NoCollision_100_run3!B12,NoCollision_100_run4!B12,NoCollision_100_run5!B12) -> 0.0080422 | I13: =AVERAGE(NoCollision_300_run1!B12,NoCollision_300_run2!B12,NoCollision_300_run3!B12,NoCollision_300_run4!B12,NoCollision_300_run5!B12) -> 0.0082892 | J13: =AVERAGE(NoCollision_500_run1!B12,NoCollision_500_run2!B12,NoCollision_500_run3!B12,NoCollision_500_run4!B12,NoCollision_500_run5!B12) -> 0.0076882 | N13: =AVERAGE(NoCollision_100_run1!C12,NoCollision_100_run2!C12,NoCollision_100_run3!C12,NoCollision_100_run4!C12,NoCollision_100_run5!C12) -> 15.6 | O13: =AVERAGE(NoCollision_300_run1!C12,NoCollision_300_run2!C12,NoCollision_300_run3!C12,NoCollision_300_run4!C12,NoCollision_300_run5!C12) -> 43.6 | P13: =AVERAGE(NoCollision_500_run1!C12,NoCollision_500_run2!C12,NoCollision_500_run3!C12,NoCollision_500_run4!C12,NoCollision_500_run5!C12) -> 66.8
H14: =AVERAGE(NoCollision_100_run1!B13,NoCollision_100_run2!B13,NoCollision_100_run3!B13,NoCollision_100_run4!B13,NoCollision_100_run5!B13) -> 0.0090524 | I14: =AVERAGE(NoCollision_300_run1!B13,NoCollision_300_run2!B13,NoCollision_300_run3!B13,NoCollision_300_run4!B13,NoCollision_300_run5!B13) -> 0.0102444 | J14: =AVERAGE(NoCollision_500_run1!B13,NoCollision_500_run2!B13,NoCollision_500_run3!B13,NoCollision_500_run4!B13,NoCollision_500_run5!B13) -> 0.007891 | N14: =AVERAGE(NoCollision_100_run1!C13,NoCollision_100_run2!C13,NoCollision_100_run3!C13,NoCollision_100_run4!C13,NoCollision_100_run5!C13) -> 16.2 | O14: =AVERAGE(NoCollision_300_run1!C13,NoCollision_300_run2!C13,NoCollision_300_run3!C13,NoCollision_300_run4!C13,NoCollision_300_run5!C13) -> 47 | P14: =AVERAGE(NoCollision_500_run1!C13,NoCollision_500_run2!C13,NoCollision_500_run3!C13,NoCollision_500_run4!C13,NoCollision_500_run5!C13) -> 70
H15: =AVERAGE(NoCollision_100_run1!B14,NoCollision_100_run2!B14,NoCollision_100_run3!B14,NoCollision_100_run4!B14,NoCollision_100_run5!B14) -> 0.0085406 | I15: =AVERAGE(NoCollision_300_run1!B14,NoCollision_300_run2!B14,NoCollision_300_run3!B14,NoCollision_300_run4!B14,NoCollision_300_run5!B14) -> 0.0113818 | J15: =AVERAGE(NoCollision_500_run1!B14,NoCollision_500_run2!B14,NoCollision_500_run3!B14,NoCollision_500_run4!B14,NoCollision_500_run5!B14) -> 0.0078392 | N15: =AVERAGE(NoCollision_100_run1!C14,NoCollision_100_run2!C14,NoCollision_100_run3!C14,NoCollision_100_run4!C14,NoCollision_100_run5!C14) -> 16.8 | O15: =AVERAGE(NoCollision_300_run1!C14,NoCollision_300_run2!C14,NoCollision_300_run3!C14,NoCollision_300_run4!C14,NoCollision_300_run5!C14) -> 49.6 | P15: =AVERAGE(NoCollision_500_run1!C14,NoCollision_500_run2!C14,NoCollision_500_run3!C14,NoCollision_500_run4!C14,NoCollision_500_run5!C14) -> 74.2
H16: =AVERAGE(NoCollision_100_run1!B15,NoCollision_100_run2!B15,NoCollision_100_run3!B15,NoCollision_100_run4!B15,NoCollision_100_run5!B15) -> 0.0083992 | I16: =AVERAGE(NoCollision_300_run1!B15,NoCollision_300_run2!B15,NoCollision_300_run3!B15,NoCollision_300_run4!B15,NoCollision_300_run5!B15) -> 0.008686 | J16: =AVERAGE(NoCollision_500_run1!B15,NoCollision_500_run2!B15,NoCollision_500_run3!B15,NoCollision_500_run4!B15,NoCollision_500_run5!B15) -> 0.007669 | N16: =AVERAGE(NoCollision_100_run1!C15,NoCollision_100_run2!C15,NoCollision_100_run3!C15,NoCollision_100_run4!C15,NoCollision_100_run5!C15) -> 17.6 | O16: =AVERAGE(NoCollision_300_run1!C15,NoCollision_300_run2!C15,NoCollision_300_run3!C15,NoCollision_300_run4!C15,NoCollision_300_run5!C15) -> 52.2 | P16: =AVERAGE(NoCollision_500_run1!C15,NoCollision_500_run2!C15,NoCollision_500_run3!C15,NoCollision_500_run4!C15,NoCollision_500_run5!C15) -> 78.8
H17: =AVERAGE(NoCollision_100_run1!B16,NoCollision_100_run2!B16,NoCollision_100_run3!B16,NoCollision_100_run4!B16,NoCollision_100_run5!B16) -> 0.008251 | I17: =AVERAGE(NoCollision_300_run1!B16,NoCollision_300_run2!B16,NoCollision_300_run3!B16,NoCollision_300_run4!B16,NoCollision_300_run5!B16) -> 0.0082924 | J17: =AVERAGE(NoCollision_500_run1!B16,NoCollision_500_run2!B16,NoCollision_500_run3!B16,NoCollision_500_run4!B16,NoCollision_500_run5!B16) -> 0.0075446 | N17: =AVERAGE(NoCollision_100_run1!C16,NoCollision_100_run2!C16,NoCollision_100_run3!C16,NoCollision_100_run4!C16,NoCollision_100_run5!C16) -> 18.8 | O17: =AVERAGE(NoCollision_300_run1!C16,NoCollision_300_run2!C16,NoCollision_300_run3!C16,NoCollision_300_run4!C16,NoCollision_300_run5!C16) -> 55.2 | P17: =AVERAGE(NoCollision_500_run1!C16,NoCollision_500_run2!C16,NoCollision_500_run3!C16,NoCollision_500_run4!C16,NoCollision_500_run5!C16) -> 83
H18: =AVERAGE(NoCollision_100_run1!B17,NoCollision_100_run2!B17,NoCollision_100_run3!B17,NoCollision_100_run4!B17,NoCollision_100_run5!B17) -> 0.0082946 | I18: =AVERAGE(NoCollision_300_run1!B17,NoCollision_300_run2!B17,NoCollision_300_run3!B17,NoCollision_300_run4!B17,NoCollision_300_run5!B17) -> 0.0089712 | J18: =AVERAGE(NoCollision_500_run1!B17,NoCollision_500_run2!B17,NoCollision_500_run3!B17,NoCollision_500_run4!B17,NoCollision_500_run5!B17) -> 0.0080312 | N18: =AVERAGE(NoCollision_100_run1!C17,NoCollision_100_run2!C17,NoCollision_100_run3!C17,NoCollision_100_run4!C17,NoCollision_100_run5!C17) -> 19.6 | O18: =AVERAGE(NoCollision_300_run1!C17,NoCollision_300_run2!C17,NoCollision_300_run3!C17,NoCollision_300_run4!C17,NoCollision_300_run5!C17) -> 57.8 | P18: =AVERAGE(NoCollision_500_run1!C17,NoCollision_500_run2!C17,NoCollision_500_run3!C17,NoCollision_500_run4!C17,NoCollision_500_run5!C17) -> 87
H19: =AVERAGE(NoCollision_100_run1!B18,NoCollision_100_run2!B18,NoCollision_100_run3!B18,NoCollision_100_run4!B18,NoCollision_100_run5!B18) -> 0.0084736 | I19: =AVERAGE(NoCollision_300_run1!B18,NoCollision_300_run2!B18,NoCollision_300_run3!B18,NoCollision_300_run4!B18,NoCollision_300_run5!B18) -> 0.0099428 | J19: =AVERAGE(NoCollision_500_run1!B18,NoCollision_500_run2!B18,NoCollision_500_run3!B18,NoCollision_500_run4!B18,NoCollision_500_run5!B18) -> 0.0081672 | N19: =AVERAGE(NoCollision_100_run1!C18,NoCollision_100_run2!C18,NoCollision_100_run3!C18,NoCollision_100_run4!C18,NoCollision_100_run5!C18) -> 20.2 | O19: =AVERAGE(NoCollision_300_run1!C18,NoCollision_300_run2!C18,NoCollision_300_run3!C18,NoCollision_300_run4!C18,NoCollision_300_run5!C18) -> 60.2 | P19: =AVERAGE(NoCollision_500_run1!C18,NoCollision_500_run2!C18,NoCollision_500_run3!C18,NoCollision_500_run4!C18,NoCollision_500_run5!C18) -> 90.2
H20: =AVERAGE(NoCollision_100_run1!B19,NoCollision_100_run2!B19,NoCollision_100_run3!B19,NoCollision_100_run4!B19,NoCollision_100_run5!B19) -> 0.0081908 | I20: =AVERAGE(NoCollision_300_run1!B19,NoCollision_300_run2!B19,NoCollision_300_run3!B19,NoCollision_300_run4!B19,NoCollision_300_run5!B19) -> 0.0083852 | J20: =AVERAGE(NoCollision_500_run1!B19,NoCollision_500_run2!B19,NoCollision_500_run3!B19,NoCollision_500_run4!B19,NoCollision_500_run5!B19) -> 0.0080132 | N20: =AVERAGE(NoCollision_100_run1!C19,NoCollision_100_run2!C19,NoCollision_100_run3!C19,NoCollision_100_run4!C19,NoCollision_100_run5!C19) -> 21 | O20: =AVERAGE(NoCollision_300_run1!C19,NoCollision_300_run2!C19,NoCollision_300_run3!C19,NoCollision_300_run4!C19,NoCollision_300_run5!C19) -> 63.4 | P20: =AVERAGE(NoCollision_500_run1!C19,NoCollision_500_run2!C19,NoCollision_500_run3!C19,NoCollision_500_run4!C19,NoCollision_500_run5!C19) -> 94.2
H21: =AVERAGE(NoCollision_100_run1!B20,NoCollision_100_run2!B20,NoCollision_100_run3!B20,NoCollision_100_run4!B20,NoCollision_100_run5!B20) -> 0.0067074 | I21: =AVERAGE(NoCollision_300_run1!B20,NoCollision_300_run2!B20,NoCollision_300_run3!B20,NoCollision_300_run4!B20,NoCollision_300_run5!B20) -> 0.0078518 | J21: =AVERAGE(NoCollision_500_run1!B20,NoCollision_500_run2!B20,NoCollision_500_run3!B20,NoCollision_500_run4!B20,NoCollision_500_run5!B20) -> 0.007156 | N21: =AVERAGE(NoCollision_100_run1!C20,NoCollision_100_run2!C20,NoCollision_100_run3!C20,NoCollision_100_run4!C20,NoCollision_100_run5!C20) -> 21.8 | O21: =AVERAGE(NoCollision_300_run1!C20,NoCollision_300_run2!C20,NoCollision_300_run3!C20,NoCollision_300_run4!C20,NoCollision_300_run5!C20) -> 65.2 | P21: =AVERAGE(NoCollision_500_run1!C20,NoCollision_500_run2!C20,NoCollision_500_run3!C20,NoCollision_500_run4!C20,NoCollision_500_run5!C20) -> 97.4
... H1602: =AVERAGE(NoCollision_100_run1!B1601,NoCollision_100_run2!B1601,NoCollision_100_run3!B1601,NoCollision_100_run4!B1601,NoCollision_100_run5!B1601) -> 0.0075088 | I1602: =AVERAGE(NoCollision_300_run1!B1601,NoCollision_300_run2!B1601,NoCollision_300_run3!B1601,NoCollision_300_run4!B1601,NoCollision_300_run5!B1601) -> 0.0157782 | J1602: =AVERAGE(NoCollision_500_run1!B1601,NoCollision_500_run2!B1601,NoCollision_500_run3!B1601,NoCollision_500_run4!B1601,NoCollision_500_run5!B1601) -> 0.0314868 | N1602: =AVERAGE(NoCollision_100_run1!C1601,NoCollision_100_run2!C1601,NoCollision_100_run3!C1601,NoCollision_100_run4!C1601,NoCollision_100_run5!C1601) -> 591.4 | O1602: =AVERAGE(NoCollision_300_run1!C1601,NoCollision_300_run2!C1601,NoCollision_300_run3!C1601,NoCollision_300_run4!C1601,NoCollision_300_run5!C1601) -> 1775 | P1602: =AVERAGE(NoCollision_500_run1!C1601,NoCollision_500_run2!C1601,NoCollision_500_run3!C1601,NoCollision_500_run4!C1601,NoCollision_500_run5!C1601) -> 2958.2
